{
  "index": 96,
  "filename": "KIMG0181_fliph.JPG",
  "input_path": "D:\\School UIC\\GAN\\attentive-gan-derainnet\\tools\\Glare\\KIMG0181_fliph.JPG",
  "timestamp": "2025-10-27T04:16:17.064934",
  "detection": {
    "rain_score": 0.07657099347393169,
    "glare_score": 0.044767271662763466,
    "needs_enhance": false,
    "glare_pixel_count": "18351",
    "glare_percentage": 4.476727166276347
  },
  "expected_mode": "DEGLARE",
  "processing_time": 0.7158324718475342,
  "processing_result": {
    "final_status": "success",
    "processing_mode": "DEGLARE",
    "quality_passed": false,
    "metrics": {
      "original": {
        "contrast": 55.097575392956166,
        "brightness": 242.27508037709117,
        "saturation": 22.5417688409351
      },
      "enhanced": {
        "contrast": 45.32074937749368,
        "brightness": 154.6703721868018,
        "saturation": 17.255735382267996
      },
      "improvements": {
        "contrast_gain": -9.77682601546249,
        "brightness_reduction": 87.60470819028936,
        "saturation_gain": -5.286033458667102,
        "glare_area_reduced": 1.0,
        "ssim": 0.9648917706218632,
        "psnr": 22.8253160569733
      }
    }
  },
  "status": "success",
  "actual_mode": "DEGLARE",
  "output_path": "thesis_results\\enhanced_images\\enhanced_KIMG0181_fliph.JPG",
  "mode_correct": true,
  "metrics": {
    "original": {
      "contrast": 55.097575392956166,
      "brightness": 242.27508037709117,
      "saturation": 22.5417688409351
    },
    "enhanced": {
      "contrast": 45.32074937749368,
      "brightness": 154.6703721868018,
      "saturation": 17.255735382267996
    },
    "improvements": {
      "contrast_gain": -9.77682601546249,
      "brightness_reduction": 87.60470819028936,
      "saturation_gain": -5.286033458667102,
      "glare_area_reduced": 1.0,
      "ssim": 0.9648917706218632,
      "psnr": 22.8253160569733
    }
  },
  "derain_outputs": [
    "derain_ret.png",
    "src_img.png",
    "comparison.png",
    "derain_results.txt"
  ]
}