{
  "index": 220,
  "filename": "KIMG0212_flipv.JPG",
  "input_path": "D:\\School UIC\\GAN\\attentive-gan-derainnet\\tools\\Glare\\KIMG0212_flipv.JPG",
  "timestamp": "2025-10-27T04:07:12.164532",
  "detection": {
    "rain_score": 0.033785688979224106,
    "glare_score": 0.016488583138173304,
    "needs_enhance": true,
    "glare_pixel_count": "6759",
    "glare_percentage": 1.6488583138173303
  },
  "expected_mode": "DEGLARE",
  "processing_time": 0.43832898139953613,
  "processing_result": {
    "final_status": "success",
    "processing_mode": "DEGLARE",
    "quality_passed": true,
    "metrics": {
      "original": {
        "contrast": 34.49247136971534,
        "brightness": 222.7382748927356,
        "saturation": 22.07930167184495
      },
      "enhanced": {
        "contrast": 27.57433245774509,
        "brightness": 148.05474182571388,
        "saturation": 15.931942595058441
      },
      "improvements": {
        "contrast_gain": -6.918138911970249,
        "brightness_reduction": 74.68353306702173,
        "saturation_gain": -6.147359076786508,
        "glare_area_reduced": 1.0,
        "ssim": 0.9885905934269554,
        "psnr": 27.85132783049304
      }
    }
  },
  "status": "success",
  "actual_mode": "DEGLARE",
  "output_path": "thesis_results\\enhanced_images\\enhanced_KIMG0212_flipv.JPG",
  "mode_correct": true,
  "metrics": {
    "original": {
      "contrast": 34.49247136971534,
      "brightness": 222.7382748927356,
      "saturation": 22.07930167184495
    },
    "enhanced": {
      "contrast": 27.57433245774509,
      "brightness": 148.05474182571388,
      "saturation": 15.931942595058441
    },
    "improvements": {
      "contrast_gain": -6.918138911970249,
      "brightness_reduction": 74.68353306702173,
      "saturation_gain": -6.147359076786508,
      "glare_area_reduced": 1.0,
      "ssim": 0.9885905934269554,
      "psnr": 27.85132783049304
    }
  },
  "derain_outputs": [
    "derain_ret.png",
    "src_img.png",
    "comparison.png",
    "derain_results.txt"
  ]
}