{
  "index": 226,
  "filename": "KIMG0214.JPG",
  "input_path": "D:\\School UIC\\GAN\\attentive-gan-derainnet\\tools\\Glare\\KIMG0214.JPG",
  "timestamp": "2025-10-27T04:07:15.220695",
  "detection": {
    "rain_score": 0.04361565183302122,
    "glare_score": 0.01604215456674473,
    "needs_enhance": true,
    "glare_pixel_count": "6576",
    "glare_percentage": 1.604215456674473
  },
  "expected_mode": "DEGLARE",
  "processing_time": 0.6116430759429932,
  "processing_result": {
    "final_status": "success",
    "processing_mode": "DEGLARE",
    "quality_passed": false,
    "metrics": {
      "original": {
        "contrast": 37.07523696517305,
        "brightness": 228.62393552311437,
        "saturation": 32.235097323600975
      },
      "enhanced": {
        "contrast": 30.721911424055346,
        "brightness": 150.07299270072994,
        "saturation": 23.92472627737226
      },
      "improvements": {
        "contrast_gain": -6.353325541117702,
        "brightness_reduction": 78.55094282238443,
        "saturation_gain": -8.310371046228713,
        "glare_area_reduced": 1.0,
        "ssim": 0.9888195797440669,
        "psnr": 27.732688013922377
      }
    }
  },
  "status": "success",
  "actual_mode": "DEGLARE",
  "output_path": "thesis_results\\enhanced_images\\enhanced_KIMG0214.JPG",
  "mode_correct": true,
  "metrics": {
    "original": {
      "contrast": 37.07523696517305,
      "brightness": 228.62393552311437,
      "saturation": 32.235097323600975
    },
    "enhanced": {
      "contrast": 30.721911424055346,
      "brightness": 150.07299270072994,
      "saturation": 23.92472627737226
    },
    "improvements": {
      "contrast_gain": -6.353325541117702,
      "brightness_reduction": 78.55094282238443,
      "saturation_gain": -8.310371046228713,
      "glare_area_reduced": 1.0,
      "ssim": 0.9888195797440669,
      "psnr": 27.732688013922377
    }
  },
  "derain_outputs": [
    "derain_ret.png",
    "src_img.png",
    "comparison.png",
    "derain_results.txt"
  ]
}