{
  "index": 234,
  "filename": "KIMG0216.JPG",
  "input_path": "D:\\School UIC\\GAN\\attentive-gan-derainnet\\tools\\Glare\\KIMG0216.JPG",
  "timestamp": "2025-10-27T04:07:20.441108",
  "detection": {
    "rain_score": 0.03805279205663846,
    "glare_score": 0.020433255269320844,
    "needs_enhance": true,
    "glare_pixel_count": "8376",
    "glare_percentage": 2.0433255269320845
  },
  "expected_mode": "DEGLARE",
  "processing_time": 0.6561944484710693,
  "processing_result": {
    "final_status": "success",
    "processing_mode": "DEGLARE",
    "quality_passed": false,
    "metrics": {
      "original": {
        "contrast": 38.52709876930399,
        "brightness": 220.68170964660936,
        "saturation": 24.42717287488061
      },
      "enhanced": {
        "contrast": 31.1011059040591,
        "brightness": 147.42514326647566,
        "saturation": 17.551695319961794
      },
      "improvements": {
        "contrast_gain": -7.42599286524489,
        "brightness_reduction": 73.2565663801337,
        "saturation_gain": -6.875477554918817,
        "glare_area_reduced": 1.0,
        "ssim": 0.9854805146930355,
        "psnr": 27.010726325623295
      }
    }
  },
  "status": "success",
  "actual_mode": "DEGLARE",
  "output_path": "thesis_results\\enhanced_images\\enhanced_KIMG0216.JPG",
  "mode_correct": true,
  "metrics": {
    "original": {
      "contrast": 38.52709876930399,
      "brightness": 220.68170964660936,
      "saturation": 24.42717287488061
    },
    "enhanced": {
      "contrast": 31.1011059040591,
      "brightness": 147.42514326647566,
      "saturation": 17.551695319961794
    },
    "improvements": {
      "contrast_gain": -7.42599286524489,
      "brightness_reduction": 73.2565663801337,
      "saturation_gain": -6.875477554918817,
      "glare_area_reduced": 1.0,
      "ssim": 0.9854805146930355,
      "psnr": 27.010726325623295
    }
  },
  "derain_outputs": [
    "derain_ret.png",
    "src_img.png",
    "comparison.png",
    "derain_results.txt"
  ]
}