{
  "index": 150,
  "filename": "KIMG0195.JPG",
  "input_path": "D:\\School UIC\\GAN\\attentive-gan-derainnet\\tools\\Glare\\KIMG0195.JPG",
  "timestamp": "2025-10-27T04:16:55.237291",
  "detection": {
    "rain_score": 0.03025016789677608,
    "glare_score": 0.01800107338017174,
    "needs_enhance": true,
    "glare_pixel_count": "7379",
    "glare_percentage": 1.8001073380171742
  },
  "expected_mode": "DEGLARE",
  "processing_time": 0.5962469577789307,
  "processing_result": {
    "final_status": "success",
    "processing_mode": "DEGLARE",
    "quality_passed": false,
    "metrics": {
      "original": {
        "contrast": 35.73147330163126,
        "brightness": 205.28445588833176,
        "saturation": 28.862718525545468
      },
      "enhanced": {
        "contrast": 29.128525182086015,
        "brightness": 140.59859059493155,
        "saturation": 19.32511180376745
      },
      "improvements": {
        "contrast_gain": -6.602948119545246,
        "brightness_reduction": 64.68586529340021,
        "saturation_gain": -9.537606721778019,
        "glare_area_reduced": 1.0,
        "ssim": 0.988678800963411,
        "psnr": 27.886761531738493
      }
    }
  },
  "status": "success",
  "actual_mode": "DEGLARE",
  "output_path": "thesis_results\\enhanced_images\\enhanced_KIMG0195.JPG",
  "mode_correct": true,
  "metrics": {
    "original": {
      "contrast": 35.73147330163126,
      "brightness": 205.28445588833176,
      "saturation": 28.862718525545468
    },
    "enhanced": {
      "contrast": 29.128525182086015,
      "brightness": 140.59859059493155,
      "saturation": 19.32511180376745
    },
    "improvements": {
      "contrast_gain": -6.602948119545246,
      "brightness_reduction": 64.68586529340021,
      "saturation_gain": -9.537606721778019,
      "glare_area_reduced": 1.0,
      "ssim": 0.988678800963411,
      "psnr": 27.886761531738493
    }
  },
  "derain_outputs": [
    "derain_ret.png",
    "src_img.png",
    "comparison.png",
    "derain_results.txt"
  ]
}