{
  "index": 104,
  "filename": "KIMG0183_fliph.JPG",
  "input_path": "D:\\School UIC\\GAN\\attentive-gan-derainnet\\tools\\Glare\\KIMG0183_fliph.JPG",
  "timestamp": "2025-10-27T04:16:23.115519",
  "detection": {
    "rain_score": 0.07263494606985917,
    "glare_score": 0.05776492974238876,
    "needs_enhance": false,
    "glare_pixel_count": "23679",
    "glare_percentage": 5.776492974238876
  },
  "expected_mode": "DEGLARE",
  "processing_time": 0.7277810573577881,
  "processing_result": {
    "final_status": "success",
    "processing_mode": "DEGLARE",
    "quality_passed": false,
    "metrics": {
      "original": {
        "contrast": 58.49914855967933,
        "brightness": 242.23320241564255,
        "saturation": 22.020524515393387
      },
      "enhanced": {
        "contrast": 47.22812203386294,
        "brightness": 154.45909877950928,
        "saturation": 16.602305840618268
      },
      "improvements": {
        "contrast_gain": -11.271026525816389,
        "brightness_reduction": 87.77410363613328,
        "saturation_gain": -5.418218674775119,
        "glare_area_reduced": 1.0,
        "ssim": 0.9560419257702043,
        "psnr": 21.720450576124755
      }
    }
  },
  "status": "success",
  "actual_mode": "DEGLARE",
  "output_path": "thesis_results\\enhanced_images\\enhanced_KIMG0183_fliph.JPG",
  "mode_correct": true,
  "metrics": {
    "original": {
      "contrast": 58.49914855967933,
      "brightness": 242.23320241564255,
      "saturation": 22.020524515393387
    },
    "enhanced": {
      "contrast": 47.22812203386294,
      "brightness": 154.45909877950928,
      "saturation": 16.602305840618268
    },
    "improvements": {
      "contrast_gain": -11.271026525816389,
      "brightness_reduction": 87.77410363613328,
      "saturation_gain": -5.418218674775119,
      "glare_area_reduced": 1.0,
      "ssim": 0.9560419257702043,
      "psnr": 21.720450576124755
    }
  },
  "derain_outputs": [
    "derain_ret.png",
    "src_img.png",
    "comparison.png",
    "derain_results.txt"
  ]
}