{
  "index": 358,
  "filename": "KIMG0248.JPG",
  "input_path": "D:\\School UIC\\GAN\\attentive-gan-derainnet\\tools\\Glare\\KIMG0248.JPG",
  "timestamp": "2025-10-27T04:08:58.492484",
  "detection": {
    "rain_score": 0.06934761622403993,
    "glare_score": 0.06005074160811866,
    "needs_enhance": false,
    "glare_pixel_count": "24616",
    "glare_percentage": 6.005074160811866
  },
  "expected_mode": "DEGLARE",
  "processing_time": 0.7322959899902344,
  "processing_result": {
    "final_status": "success",
    "processing_mode": "DEGLARE",
    "quality_passed": false,
    "metrics": {
      "original": {
        "contrast": 52.88572368169652,
        "brightness": 239.352778680533,
        "saturation": 23.23322229444264
      },
      "enhanced": {
        "contrast": 40.91709905162083,
        "brightness": 154.19028274293143,
        "saturation": 18.319426389340265
      },
      "improvements": {
        "contrast_gain": -11.968624630075688,
        "brightness_reduction": 85.16249593760156,
        "saturation_gain": -4.913795905102376,
        "glare_area_reduced": 1.0,
        "ssim": 0.9461734844586606,
        "psnr": 21.903006682567288
      }
    }
  },
  "status": "success",
  "actual_mode": "DEGLARE",
  "output_path": "thesis_results\\enhanced_images\\enhanced_KIMG0248.JPG",
  "mode_correct": true,
  "metrics": {
    "original": {
      "contrast": 52.88572368169652,
      "brightness": 239.352778680533,
      "saturation": 23.23322229444264
    },
    "enhanced": {
      "contrast": 40.91709905162083,
      "brightness": 154.19028274293143,
      "saturation": 18.319426389340265
    },
    "improvements": {
      "contrast_gain": -11.968624630075688,
      "brightness_reduction": 85.16249593760156,
      "saturation_gain": -4.913795905102376,
      "glare_area_reduced": 1.0,
      "ssim": 0.9461734844586606,
      "psnr": 21.903006682567288
    }
  },
  "derain_outputs": [
    "derain_ret.png",
    "src_img.png",
    "comparison.png",
    "derain_results.txt"
  ]
}