{
  "index": 108,
  "filename": "KIMG0184_fliph.JPG",
  "input_path": "D:\\School UIC\\GAN\\attentive-gan-derainnet\\tools\\Glare\\KIMG0184_fliph.JPG",
  "timestamp": "2025-10-27T04:16:26.456261",
  "detection": {
    "rain_score": 0.18,
    "glare_score": 0.048972970335675256,
    "needs_enhance": false,
    "glare_pixel_count": "20075",
    "glare_percentage": 4.897297033567526
  },
  "expected_mode": "DEGLARE",
  "processing_time": 0.71840500831604,
  "processing_result": {
    "final_status": "success",
    "processing_mode": "DEGLARE",
    "quality_passed": false,
    "metrics": {
      "original": {
        "contrast": 55.079822177930836,
        "brightness": 235.7547696139477,
        "saturation": 23.260871731008717
      },
      "enhanced": {
        "contrast": 45.45291026286618,
        "brightness": 152.5275217932752,
        "saturation": 16.94744707347447
      },
      "improvements": {
        "contrast_gain": -9.626911915064653,
        "brightness_reduction": 83.22724782067249,
        "saturation_gain": -6.313424657534245,
        "glare_area_reduced": 1.0,
        "ssim": 0.9658091794987647,
        "psnr": 22.73256656599523
      }
    }
  },
  "status": "success",
  "actual_mode": "DEGLARE",
  "output_path": "thesis_results\\enhanced_images\\enhanced_KIMG0184_fliph.JPG",
  "mode_correct": true,
  "metrics": {
    "original": {
      "contrast": 55.079822177930836,
      "brightness": 235.7547696139477,
      "saturation": 23.260871731008717
    },
    "enhanced": {
      "contrast": 45.45291026286618,
      "brightness": 152.5275217932752,
      "saturation": 16.94744707347447
    },
    "improvements": {
      "contrast_gain": -9.626911915064653,
      "brightness_reduction": 83.22724782067249,
      "saturation_gain": -6.313424657534245,
      "glare_area_reduced": 1.0,
      "ssim": 0.9658091794987647,
      "psnr": 22.73256656599523
    }
  },
  "derain_outputs": [
    "derain_ret.png",
    "src_img.png",
    "comparison.png",
    "derain_results.txt"
  ]
}