{
  "index": 176,
  "filename": "KIMG0201_fliph.JPG",
  "input_path": "D:\\School UIC\\GAN\\attentive-gan-derainnet\\tools\\Glare\\KIMG0201_fliph.JPG",
  "timestamp": "2025-10-27T04:17:12.137312",
  "detection": {
    "rain_score": 0.18,
    "glare_score": 0.018640222482435596,
    "needs_enhance": false,
    "glare_pixel_count": "7641",
    "glare_percentage": 1.8640222482435596
  },
  "expected_mode": "DEGLARE",
  "processing_time": 0.7212293148040771,
  "processing_result": {
    "final_status": "success",
    "processing_mode": "DEGLARE",
    "quality_passed": false,
    "metrics": {
      "original": {
        "contrast": 45.63691246170915,
        "brightness": 230.91990577149588,
        "saturation": 36.90694935217903
      },
      "enhanced": {
        "contrast": 40.91513534240277,
        "brightness": 152.06203376521398,
        "saturation": 28.867687475461327
      },
      "improvements": {
        "contrast_gain": -4.721777119306381,
        "brightness_reduction": 78.8578720062819,
        "saturation_gain": -8.039261876717706,
        "glare_area_reduced": 1.0,
        "ssim": 0.9814228186154359,
        "psnr": 27.37256211726593
      }
    }
  },
  "status": "success",
  "actual_mode": "DEGLARE",
  "output_path": "thesis_results\\enhanced_images\\enhanced_KIMG0201_fliph.JPG",
  "mode_correct": true,
  "metrics": {
    "original": {
      "contrast": 45.63691246170915,
      "brightness": 230.91990577149588,
      "saturation": 36.90694935217903
    },
    "enhanced": {
      "contrast": 40.91513534240277,
      "brightness": 152.06203376521398,
      "saturation": 28.867687475461327
    },
    "improvements": {
      "contrast_gain": -4.721777119306381,
      "brightness_reduction": 78.8578720062819,
      "saturation_gain": -8.039261876717706,
      "glare_area_reduced": 1.0,
      "ssim": 0.9814228186154359,
      "psnr": 27.37256211726593
    }
  },
  "derain_outputs": [
    "derain_ret.png",
    "src_img.png",
    "comparison.png",
    "derain_results.txt"
  ]
}