{
  "index": 228,
  "filename": "KIMG0214_flipv.JPG",
  "input_path": "D:\\School UIC\\GAN\\attentive-gan-derainnet\\tools\\Glare\\KIMG0214_flipv.JPG",
  "timestamp": "2025-10-27T04:07:16.532756",
  "detection": {
    "rain_score": 0.04486831196503268,
    "glare_score": 0.01525907494145199,
    "needs_enhance": true,
    "glare_pixel_count": "6255",
    "glare_percentage": 1.525907494145199
  },
  "expected_mode": "DEGLARE",
  "processing_time": 0.6799459457397461,
  "processing_result": {
    "final_status": "success",
    "processing_mode": "DEGLARE",
    "quality_passed": false,
    "metrics": {
      "original": {
        "contrast": 37.04438039499286,
        "brightness": 229.32885691446842,
        "saturation": 28.397122302158273
      },
      "enhanced": {
        "contrast": 30.89055513702498,
        "brightness": 150.15203836930456,
        "saturation": 21.04748201438849
      },
      "improvements": {
        "contrast_gain": -6.153825257967878,
        "brightness_reduction": 79.17681854516385,
        "saturation_gain": -7.349640287769784,
        "glare_area_reduced": 1.0,
        "ssim": 0.987912144091776,
        "psnr": 27.85213109358422
      }
    }
  },
  "status": "success",
  "actual_mode": "DEGLARE",
  "output_path": "thesis_results\\enhanced_images\\enhanced_KIMG0214_flipv.JPG",
  "mode_correct": true,
  "metrics": {
    "original": {
      "contrast": 37.04438039499286,
      "brightness": 229.32885691446842,
      "saturation": 28.397122302158273
    },
    "enhanced": {
      "contrast": 30.89055513702498,
      "brightness": 150.15203836930456,
      "saturation": 21.04748201438849
    },
    "improvements": {
      "contrast_gain": -6.153825257967878,
      "brightness_reduction": 79.17681854516385,
      "saturation_gain": -7.349640287769784,
      "glare_area_reduced": 1.0,
      "ssim": 0.987912144091776,
      "psnr": 27.85213109358422
    }
  },
  "derain_outputs": [
    "derain_ret.png",
    "src_img.png",
    "comparison.png",
    "derain_results.txt"
  ]
}