{
  "index": 198,
  "filename": "KIMG0207.JPG",
  "input_path": "D:\\School UIC\\GAN\\attentive-gan-derainnet\\tools\\Glare\\KIMG0207.JPG",
  "timestamp": "2025-10-27T04:17:27.653792",
  "detection": {
    "rain_score": 0.03034730399521513,
    "glare_score": 0.012548790007806402,
    "needs_enhance": true,
    "glare_pixel_count": "5144",
    "glare_percentage": 1.2548790007806403
  },
  "expected_mode": "DEGLARE",
  "processing_time": 0.4562249183654785,
  "processing_result": {
    "final_status": "success",
    "processing_mode": "DEGLARE",
    "quality_passed": true,
    "metrics": {
      "original": {
        "contrast": 30.015425503319566,
        "brightness": 231.06998444790045,
        "saturation": 36.54082426127527
      },
      "enhanced": {
        "contrast": 23.92367903738052,
        "brightness": 151.67379471228617,
        "saturation": 28.049766718506998
      },
      "improvements": {
        "contrast_gain": -6.091746465939046,
        "brightness_reduction": 79.39618973561429,
        "saturation_gain": -8.49105754276827,
        "glare_area_reduced": 1.0,
        "ssim": 0.9897328757574047,
        "psnr": 28.841276863940895
      }
    }
  },
  "status": "success",
  "actual_mode": "DEGLARE",
  "output_path": "thesis_results\\enhanced_images\\enhanced_KIMG0207.JPG",
  "mode_correct": true,
  "metrics": {
    "original": {
      "contrast": 30.015425503319566,
      "brightness": 231.06998444790045,
      "saturation": 36.54082426127527
    },
    "enhanced": {
      "contrast": 23.92367903738052,
      "brightness": 151.67379471228617,
      "saturation": 28.049766718506998
    },
    "improvements": {
      "contrast_gain": -6.091746465939046,
      "brightness_reduction": 79.39618973561429,
      "saturation_gain": -8.49105754276827,
      "glare_area_reduced": 1.0,
      "ssim": 0.9897328757574047,
      "psnr": 28.841276863940895
    }
  },
  "derain_outputs": [
    "derain_ret.png",
    "src_img.png",
    "comparison.png",
    "derain_results.txt"
  ]
}