{
  "index": 340,
  "filename": "KIMG0243_flipv.JPG",
  "input_path": "D:\\School UIC\\GAN\\attentive-gan-derainnet\\tools\\Glare\\KIMG0243_flipv.JPG",
  "timestamp": "2025-10-27T04:08:44.436003",
  "detection": {
    "rain_score": 0.18,
    "glare_score": 0.05295667447306791,
    "needs_enhance": false,
    "glare_pixel_count": "21708",
    "glare_percentage": 5.2956674473067915
  },
  "expected_mode": "DEGLARE",
  "processing_time": 0.7378170490264893,
  "processing_result": {
    "final_status": "success",
    "processing_mode": "DEGLARE",
    "quality_passed": false,
    "metrics": {
      "original": {
        "contrast": 50.779839060736215,
        "brightness": 235.92233278054172,
        "saturation": 23.07319882071126
      },
      "enhanced": {
        "contrast": 41.79122652271409,
        "brightness": 153.28717523493643,
        "saturation": 17.84328358208955
      },
      "improvements": {
        "contrast_gain": -8.988612538022124,
        "brightness_reduction": 82.6351575456053,
        "saturation_gain": -5.229915238621707,
        "glare_area_reduced": 1.0,
        "ssim": 0.9466081903923452,
        "psnr": 22.670498395691183
      }
    }
  },
  "status": "success",
  "actual_mode": "DEGLARE",
  "output_path": "thesis_results\\enhanced_images\\enhanced_KIMG0243_flipv.JPG",
  "mode_correct": true,
  "metrics": {
    "original": {
      "contrast": 50.779839060736215,
      "brightness": 235.92233278054172,
      "saturation": 23.07319882071126
    },
    "enhanced": {
      "contrast": 41.79122652271409,
      "brightness": 153.28717523493643,
      "saturation": 17.84328358208955
    },
    "improvements": {
      "contrast_gain": -8.988612538022124,
      "brightness_reduction": 82.6351575456053,
      "saturation_gain": -5.229915238621707,
      "glare_area_reduced": 1.0,
      "ssim": 0.9466081903923452,
      "psnr": 22.670498395691183
    }
  },
  "derain_outputs": [
    "derain_ret.png",
    "src_img.png",
    "comparison.png",
    "derain_results.txt"
  ]
}