{
  "index": 20,
  "filename": "KIMG0162_fliph.JPG",
  "input_path": "D:\\School UIC\\GAN\\attentive-gan-derainnet\\tools\\Glare\\KIMG0162_fliph.JPG",
  "timestamp": "2025-10-27T04:15:19.035437",
  "detection": {
    "rain_score": 0.18,
    "glare_score": 0.029508196721311476,
    "needs_enhance": false,
    "glare_pixel_count": "12096",
    "glare_percentage": 2.9508196721311477
  },
  "expected_mode": "DEGLARE",
  "processing_time": 0.6969799995422363,
  "processing_result": {
    "final_status": "success",
    "processing_mode": "DEGLARE",
    "quality_passed": false,
    "metrics": {
      "original": {
        "contrast": 48.09299739853019,
        "brightness": 240.01430224867724,
        "saturation": 29.373098544973544
      },
      "enhanced": {
        "contrast": 41.347545650103555,
        "brightness": 155.33953373015873,
        "saturation": 23.68369708994709
      },
      "improvements": {
        "contrast_gain": -6.745451748426632,
        "brightness_reduction": 84.6747685185185,
        "saturation_gain": -5.689401455026456,
        "glare_area_reduced": 1.0,
        "ssim": 0.9762719429319393,
        "psnr": 25.032772655820835
      }
    }
  },
  "status": "success",
  "actual_mode": "DEGLARE",
  "output_path": "thesis_results\\enhanced_images\\enhanced_KIMG0162_fliph.JPG",
  "mode_correct": true,
  "metrics": {
    "original": {
      "contrast": 48.09299739853019,
      "brightness": 240.01430224867724,
      "saturation": 29.373098544973544
    },
    "enhanced": {
      "contrast": 41.347545650103555,
      "brightness": 155.33953373015873,
      "saturation": 23.68369708994709
    },
    "improvements": {
      "contrast_gain": -6.745451748426632,
      "brightness_reduction": 84.6747685185185,
      "saturation_gain": -5.689401455026456,
      "glare_area_reduced": 1.0,
      "ssim": 0.9762719429319393,
      "psnr": 25.032772655820835
    }
  },
  "derain_outputs": [
    "derain_ret.png",
    "src_img.png",
    "comparison.png",
    "derain_results.txt"
  ]
}