{
  "index": 268,
  "filename": "KIMG0225_flipv.JPG",
  "input_path": "D:\\School UIC\\GAN\\attentive-gan-derainnet\\tools\\Glare\\KIMG0225_flipv.JPG",
  "timestamp": "2025-10-27T04:07:45.285757",
  "detection": {
    "rain_score": 0.07170719559471367,
    "glare_score": 0.06746682279469164,
    "needs_enhance": false,
    "glare_pixel_count": "27656",
    "glare_percentage": 6.746682279469164
  },
  "expected_mode": "DEGLARE",
  "processing_time": 0.6617839336395264,
  "processing_result": {
    "final_status": "success",
    "processing_mode": "DEGLARE",
    "quality_passed": false,
    "metrics": {
      "original": {
        "contrast": 73.36651056208714,
        "brightness": 240.7599797512294,
        "saturation": 18.850195256002316
      },
      "enhanced": {
        "contrast": 65.12307531743119,
        "brightness": 153.29469192941858,
        "saturation": 12.081428984668788
      },
      "improvements": {
        "contrast_gain": -8.243435244655956,
        "brightness_reduction": 87.46528782181082,
        "saturation_gain": -6.7687662713335275,
        "glare_area_reduced": 1.0,
        "ssim": 0.9528975866231216,
        "psnr": 21.07700522616479
      }
    }
  },
  "status": "success",
  "actual_mode": "DEGLARE",
  "output_path": "thesis_results\\enhanced_images\\enhanced_KIMG0225_flipv.JPG",
  "mode_correct": true,
  "metrics": {
    "original": {
      "contrast": 73.36651056208714,
      "brightness": 240.7599797512294,
      "saturation": 18.850195256002316
    },
    "enhanced": {
      "contrast": 65.12307531743119,
      "brightness": 153.29469192941858,
      "saturation": 12.081428984668788
    },
    "improvements": {
      "contrast_gain": -8.243435244655956,
      "brightness_reduction": 87.46528782181082,
      "saturation_gain": -6.7687662713335275,
      "glare_area_reduced": 1.0,
      "ssim": 0.9528975866231216,
      "psnr": 21.07700522616479
    }
  },
  "derain_outputs": [
    "derain_ret.png",
    "src_img.png",
    "comparison.png",
    "derain_results.txt"
  ]
}