{
  "index": 276,
  "filename": "KIMG0227_flipv.JPG",
  "input_path": "D:\\School UIC\\GAN\\attentive-gan-derainnet\\tools\\Glare\\KIMG0227_flipv.JPG",
  "timestamp": "2025-10-27T04:07:51.500979",
  "detection": {
    "rain_score": 0.04152867592403132,
    "glare_score": 0.02458772443403591,
    "needs_enhance": false,
    "glare_pixel_count": "10079",
    "glare_percentage": 2.458772443403591
  },
  "expected_mode": "DEGLARE",
  "processing_time": 0.6582732200622559,
  "processing_result": {
    "final_status": "success",
    "processing_mode": "DEGLARE",
    "quality_passed": false,
    "metrics": {
      "original": {
        "contrast": 40.168301125852025,
        "brightness": 223.89235043159044,
        "saturation": 19.03194761385058
      },
      "enhanced": {
        "contrast": 32.49418935247156,
        "brightness": 148.65175116579024,
        "saturation": 13.726957039388829
      },
      "improvements": {
        "contrast_gain": -7.674111773380467,
        "brightness_reduction": 75.2405992658002,
        "saturation_gain": -5.304990574461751,
        "glare_area_reduced": 1.0,
        "ssim": 0.9826290677707497,
        "psnr": 26.246029481679336
      }
    }
  },
  "status": "success",
  "actual_mode": "DEGLARE",
  "output_path": "thesis_results\\enhanced_images\\enhanced_KIMG0227_flipv.JPG",
  "mode_correct": true,
  "metrics": {
    "original": {
      "contrast": 40.168301125852025,
      "brightness": 223.89235043159044,
      "saturation": 19.03194761385058
    },
    "enhanced": {
      "contrast": 32.49418935247156,
      "brightness": 148.65175116579024,
      "saturation": 13.726957039388829
    },
    "improvements": {
      "contrast_gain": -7.674111773380467,
      "brightness_reduction": 75.2405992658002,
      "saturation_gain": -5.304990574461751,
      "glare_area_reduced": 1.0,
      "ssim": 0.9826290677707497,
      "psnr": 26.246029481679336
    }
  },
  "derain_outputs": [
    "derain_ret.png",
    "src_img.png",
    "comparison.png",
    "derain_results.txt"
  ]
}