{
  "index": 100,
  "filename": "KIMG0182_fliph.JPG",
  "input_path": "D:\\School UIC\\GAN\\attentive-gan-derainnet\\tools\\Glare\\KIMG0182_fliph.JPG",
  "timestamp": "2025-10-27T04:16:20.091140",
  "detection": {
    "rain_score": 0.07601789567713634,
    "glare_score": 0.043957357533177206,
    "needs_enhance": false,
    "glare_pixel_count": "18019",
    "glare_percentage": 4.39573575331772
  },
  "expected_mode": "DEGLARE",
  "processing_time": 0.7206916809082031,
  "processing_result": {
    "final_status": "success",
    "processing_mode": "DEGLARE",
    "quality_passed": false,
    "metrics": {
      "original": {
        "contrast": 55.79398657413405,
        "brightness": 241.108496586936,
        "saturation": 22.47677451578889
      },
      "enhanced": {
        "contrast": 46.319571306616545,
        "brightness": 154.26571951828626,
        "saturation": 17.09334591264776
      },
      "improvements": {
        "contrast_gain": -9.474415267517507,
        "brightness_reduction": 86.84277706864975,
        "saturation_gain": -5.38342860314113,
        "glare_area_reduced": 1.0,
        "ssim": 0.9649245209273604,
        "psnr": 22.956770254537897
      }
    }
  },
  "status": "success",
  "actual_mode": "DEGLARE",
  "output_path": "thesis_results\\enhanced_images\\enhanced_KIMG0182_fliph.JPG",
  "mode_correct": true,
  "metrics": {
    "original": {
      "contrast": 55.79398657413405,
      "brightness": 241.108496586936,
      "saturation": 22.47677451578889
    },
    "enhanced": {
      "contrast": 46.319571306616545,
      "brightness": 154.26571951828626,
      "saturation": 17.09334591264776
    },
    "improvements": {
      "contrast_gain": -9.474415267517507,
      "brightness_reduction": 86.84277706864975,
      "saturation_gain": -5.38342860314113,
      "glare_area_reduced": 1.0,
      "ssim": 0.9649245209273604,
      "psnr": 22.956770254537897
    }
  },
  "derain_outputs": [
    "derain_ret.png",
    "src_img.png",
    "comparison.png",
    "derain_results.txt"
  ]
}