{
  "index": 300,
  "filename": "KIMG0233_flipv.JPG",
  "input_path": "D:\\School UIC\\GAN\\attentive-gan-derainnet\\tools\\Glare\\KIMG0233_flipv.JPG",
  "timestamp": "2025-10-27T04:08:11.546316",
  "detection": {
    "rain_score": 0.18,
    "glare_score": 0.07576844262295082,
    "needs_enhance": false,
    "glare_pixel_count": "31059",
    "glare_percentage": 7.576844262295082
  },
  "expected_mode": "DEGLARE",
  "processing_time": 0.7593827247619629,
  "processing_result": {
    "final_status": "success",
    "processing_mode": "DEGLARE",
    "quality_passed": false,
    "metrics": {
      "original": {
        "contrast": 55.64439832382974,
        "brightness": 235.49570172896745,
        "saturation": 21.265526900415338
      },
      "enhanced": {
        "contrast": 44.68399836184613,
        "brightness": 152.79490646833446,
        "saturation": 16.3372935381049
      },
      "improvements": {
        "contrast_gain": -10.960399961983612,
        "brightness_reduction": 82.70079526063299,
        "saturation_gain": -4.92823336231044,
        "glare_area_reduced": 1.0,
        "ssim": 0.9261074978011754,
        "psnr": 21.043170537895733
      }
    }
  },
  "status": "success",
  "actual_mode": "DEGLARE",
  "output_path": "thesis_results\\enhanced_images\\enhanced_KIMG0233_flipv.JPG",
  "mode_correct": true,
  "metrics": {
    "original": {
      "contrast": 55.64439832382974,
      "brightness": 235.49570172896745,
      "saturation": 21.265526900415338
    },
    "enhanced": {
      "contrast": 44.68399836184613,
      "brightness": 152.79490646833446,
      "saturation": 16.3372935381049
    },
    "improvements": {
      "contrast_gain": -10.960399961983612,
      "brightness_reduction": 82.70079526063299,
      "saturation_gain": -4.92823336231044,
      "glare_area_reduced": 1.0,
      "ssim": 0.9261074978011754,
      "psnr": 21.043170537895733
    }
  },
  "derain_outputs": [
    "derain_ret.png",
    "src_img.png",
    "comparison.png",
    "derain_results.txt"
  ]
}