{
  "index": 114,
  "filename": "KIMG0186.JPG",
  "input_path": "D:\\School UIC\\GAN\\attentive-gan-derainnet\\tools\\Glare\\KIMG0186.JPG",
  "timestamp": "2025-10-27T04:16:31.013794",
  "detection": {
    "rain_score": 0.18,
    "glare_score": 0.04160323965651835,
    "needs_enhance": false,
    "glare_pixel_count": "17054",
    "glare_percentage": 4.160323965651835
  },
  "expected_mode": "DEGLARE",
  "processing_time": 0.7011988162994385,
  "processing_result": {
    "final_status": "success",
    "processing_mode": "DEGLARE",
    "quality_passed": false,
    "metrics": {
      "original": {
        "contrast": 54.3823069535971,
        "brightness": 239.8780931159845,
        "saturation": 27.075231617215902
      },
      "enhanced": {
        "contrast": 45.98928232874069,
        "brightness": 154.12730151284157,
        "saturation": 21.054298111879913
      },
      "improvements": {
        "contrast_gain": -8.393024624856409,
        "brightness_reduction": 85.75079160314294,
        "saturation_gain": -6.020933505335989,
        "glare_area_reduced": 1.0,
        "ssim": 0.966592197940145,
        "psnr": 23.308622105191994
      }
    }
  },
  "status": "success",
  "actual_mode": "DEGLARE",
  "output_path": "thesis_results\\enhanced_images\\enhanced_KIMG0186.JPG",
  "mode_correct": true,
  "metrics": {
    "original": {
      "contrast": 54.3823069535971,
      "brightness": 239.8780931159845,
      "saturation": 27.075231617215902
    },
    "enhanced": {
      "contrast": 45.98928232874069,
      "brightness": 154.12730151284157,
      "saturation": 21.054298111879913
    },
    "improvements": {
      "contrast_gain": -8.393024624856409,
      "brightness_reduction": 85.75079160314294,
      "saturation_gain": -6.020933505335989,
      "glare_area_reduced": 1.0,
      "ssim": 0.966592197940145,
      "psnr": 23.308622105191994
    }
  },
  "derain_outputs": [
    "derain_ret.png",
    "src_img.png",
    "comparison.png",
    "derain_results.txt"
  ]
}