{
  "index": 156,
  "filename": "KIMG0196_fliph.JPG",
  "input_path": "D:\\School UIC\\GAN\\attentive-gan-derainnet\\tools\\Glare\\KIMG0196_fliph.JPG",
  "timestamp": "2025-10-27T04:16:58.969935",
  "detection": {
    "rain_score": 0.023249431778351263,
    "glare_score": 0.011753512880562061,
    "needs_enhance": true,
    "glare_pixel_count": "4818",
    "glare_percentage": 1.175351288056206
  },
  "expected_mode": "DEGLARE",
  "processing_time": 0.5609965324401855,
  "processing_result": {
    "final_status": "success",
    "processing_mode": "DEGLARE",
    "quality_passed": false,
    "metrics": {
      "original": {
        "contrast": 26.952807457089367,
        "brightness": 184.03175591531755,
        "saturation": 37.773972602739725
      },
      "enhanced": {
        "contrast": 22.242273422652683,
        "brightness": 132.9414694894147,
        "saturation": 25.07368202573682
      },
      "improvements": {
        "contrast_gain": -4.710534034436684,
        "brightness_reduction": 51.09028642590286,
        "saturation_gain": -12.700290577002907,
        "glare_area_reduced": 1.0,
        "ssim": 0.9925209601340631,
        "psnr": 30.588196074384413
      }
    }
  },
  "status": "success",
  "actual_mode": "DEGLARE",
  "output_path": "thesis_results\\enhanced_images\\enhanced_KIMG0196_fliph.JPG",
  "mode_correct": true,
  "metrics": {
    "original": {
      "contrast": 26.952807457089367,
      "brightness": 184.03175591531755,
      "saturation": 37.773972602739725
    },
    "enhanced": {
      "contrast": 22.242273422652683,
      "brightness": 132.9414694894147,
      "saturation": 25.07368202573682
    },
    "improvements": {
      "contrast_gain": -4.710534034436684,
      "brightness_reduction": 51.09028642590286,
      "saturation_gain": -12.700290577002907,
      "glare_area_reduced": 1.0,
      "ssim": 0.9925209601340631,
      "psnr": 30.588196074384413
    }
  },
  "derain_outputs": [
    "derain_ret.png",
    "src_img.png",
    "comparison.png",
    "derain_results.txt"
  ]
}