{
  "index": 188,
  "filename": "KIMG0204_fliph.JPG",
  "input_path": "D:\\School UIC\\GAN\\attentive-gan-derainnet\\tools\\Glare\\KIMG0204_fliph.JPG",
  "timestamp": "2025-10-27T04:17:21.184420",
  "detection": {
    "rain_score": 0.03216137563472384,
    "glare_score": 0.01804010538641686,
    "needs_enhance": true,
    "glare_pixel_count": "7395",
    "glare_percentage": 1.804010538641686
  },
  "expected_mode": "DEGLARE",
  "processing_time": 0.6152865886688232,
  "processing_result": {
    "final_status": "success",
    "processing_mode": "DEGLARE",
    "quality_passed": false,
    "metrics": {
      "original": {
        "contrast": 38.668215690266905,
        "brightness": 222.65395537525356,
        "saturation": 27.63448275862069
      },
      "enhanced": {
        "contrast": 32.01692299554316,
        "brightness": 147.49276538201488,
        "saturation": 19.361189993238675
      },
      "improvements": {
        "contrast_gain": -6.651292694723743,
        "brightness_reduction": 75.16118999323868,
        "saturation_gain": -8.273292765382013,
        "glare_area_reduced": 1.0,
        "ssim": 0.9829959391220052,
        "psnr": 27.39899208007099
      }
    }
  },
  "status": "success",
  "actual_mode": "DEGLARE",
  "output_path": "thesis_results\\enhanced_images\\enhanced_KIMG0204_fliph.JPG",
  "mode_correct": true,
  "metrics": {
    "original": {
      "contrast": 38.668215690266905,
      "brightness": 222.65395537525356,
      "saturation": 27.63448275862069
    },
    "enhanced": {
      "contrast": 32.01692299554316,
      "brightness": 147.49276538201488,
      "saturation": 19.361189993238675
    },
    "improvements": {
      "contrast_gain": -6.651292694723743,
      "brightness_reduction": 75.16118999323868,
      "saturation_gain": -8.273292765382013,
      "glare_area_reduced": 1.0,
      "ssim": 0.9829959391220052,
      "psnr": 27.39899208007099
    }
  },
  "derain_outputs": [
    "derain_ret.png",
    "src_img.png",
    "comparison.png",
    "derain_results.txt"
  ]
}