{
  "index": 62,
  "filename": "KIMG0173.JPG",
  "input_path": "D:\\School UIC\\GAN\\attentive-gan-derainnet\\tools\\Glare\\KIMG0173.JPG",
  "timestamp": "2025-10-27T04:15:50.658703",
  "detection": {
    "rain_score": 0.07048865025793016,
    "glare_score": 0.027617583918813426,
    "needs_enhance": false,
    "glare_pixel_count": "11321",
    "glare_percentage": 2.7617583918813424
  },
  "expected_mode": "DEGLARE",
  "processing_time": 0.7034931182861328,
  "processing_result": {
    "final_status": "success",
    "processing_mode": "DEGLARE",
    "quality_passed": false,
    "metrics": {
      "original": {
        "contrast": 46.62776913754873,
        "brightness": 232.85999470011484,
        "saturation": 31.707887995760093
      },
      "enhanced": {
        "contrast": 40.013803277761,
        "brightness": 152.70302976768838,
        "saturation": 25.421782528045227
      },
      "improvements": {
        "contrast_gain": -6.613965859787733,
        "brightness_reduction": 80.15696493242646,
        "saturation_gain": -6.286105467714865,
        "glare_area_reduced": 1.0,
        "ssim": 0.976868662591984,
        "psnr": 25.612257080792187
      }
    }
  },
  "status": "success",
  "actual_mode": "DEGLARE",
  "output_path": "thesis_results\\enhanced_images\\enhanced_KIMG0173.JPG",
  "mode_correct": true,
  "metrics": {
    "original": {
      "contrast": 46.62776913754873,
      "brightness": 232.85999470011484,
      "saturation": 31.707887995760093
    },
    "enhanced": {
      "contrast": 40.013803277761,
      "brightness": 152.70302976768838,
      "saturation": 25.421782528045227
    },
    "improvements": {
      "contrast_gain": -6.613965859787733,
      "brightness_reduction": 80.15696493242646,
      "saturation_gain": -6.286105467714865,
      "glare_area_reduced": 1.0,
      "ssim": 0.976868662591984,
      "psnr": 25.612257080792187
    }
  },
  "derain_outputs": [
    "derain_ret.png",
    "src_img.png",
    "comparison.png",
    "derain_results.txt"
  ]
}