{
  "index": 38,
  "filename": "KIMG0167.JPG",
  "input_path": "D:\\School UIC\\GAN\\attentive-gan-derainnet\\tools\\Glare\\KIMG0167.JPG",
  "timestamp": "2025-10-27T04:15:32.501741",
  "detection": {
    "rain_score": 0.058238571496996905,
    "glare_score": 0.030601092896174863,
    "needs_enhance": false,
    "glare_pixel_count": "12544",
    "glare_percentage": 3.060109289617486
  },
  "expected_mode": "DEGLARE",
  "processing_time": 0.7014238834381104,
  "processing_result": {
    "final_status": "success",
    "processing_mode": "DEGLARE",
    "quality_passed": false,
    "metrics": {
      "original": {
        "contrast": 51.006048174154685,
        "brightness": 246.57908163265307,
        "saturation": 32.33458227040816
      },
      "enhanced": {
        "contrast": 44.0147407468264,
        "brightness": 157.8405612244898,
        "saturation": 27.120854591836736
      },
      "improvements": {
        "contrast_gain": -6.991307427328287,
        "brightness_reduction": 88.73852040816328,
        "saturation_gain": -5.213727678571427,
        "glare_area_reduced": 1.0,
        "ssim": 0.9725651360299384,
        "psnr": 24.748404304807803
      }
    }
  },
  "status": "success",
  "actual_mode": "DEGLARE",
  "output_path": "thesis_results\\enhanced_images\\enhanced_KIMG0167.JPG",
  "mode_correct": true,
  "metrics": {
    "original": {
      "contrast": 51.006048174154685,
      "brightness": 246.57908163265307,
      "saturation": 32.33458227040816
    },
    "enhanced": {
      "contrast": 44.0147407468264,
      "brightness": 157.8405612244898,
      "saturation": 27.120854591836736
    },
    "improvements": {
      "contrast_gain": -6.991307427328287,
      "brightness_reduction": 88.73852040816328,
      "saturation_gain": -5.213727678571427,
      "glare_area_reduced": 1.0,
      "ssim": 0.9725651360299384,
      "psnr": 24.748404304807803
    }
  },
  "derain_outputs": [
    "derain_ret.png",
    "src_img.png",
    "comparison.png",
    "derain_results.txt"
  ]
}