{
  "index": 58,
  "filename": "Copy of KIMG0117.JPG",
  "input_path": "tools\\Clean\\Copy of KIMG0117.JPG",
  "timestamp": "2025-10-27T14:26:53.863140",
  "detection": {
    "rain_score": 0.18211217862780266,
    "glare_score": 0.00904566744730679,
    "needs_enhance": false,
    "glare_pixel_count": "3708",
    "glare_percentage": 0.9045667447306791,
    "contrast": 63.12511000645502,
    "brightness": 101.98478483606557,
    "sharpness": 544.3893786502462
  },
  "expected_mode": "DEGLARE",
  "processing_time": 1.6639535427093506,
  "processing_result": {
    "final_status": "success",
    "processing_mode": "DEGLARE",
    "quality_passed": false,
    "metrics": {
      "original": {
        "contrast": 63.12511000645502,
        "brightness": 254.40587918015103,
        "saturation": 4.91747572815534
      },
      "enhanced": {
        "contrast": 60.45481941496169,
        "brightness": 159.58225458468178,
        "saturation": 11.110302049622439
      },
      "improvements": {
        "contrast_gain": -2.670290591493327,
        "brightness_reduction": 94.82362459546925,
        "saturation_gain": 6.192826321467098,
        "glare_area_reduced": 1.0,
        "ssim": 0.9855497410323256,
        "psnr": 24.254539005331914
      }
    }
  },
  "status": "success",
  "actual_mode": "DEGLARE",
  "output_path": "clean_results\\enhanced_images\\enhanced_Copy of KIMG0117.JPG",
  "mode_correct": true,
  "metrics": {
    "original": {
      "contrast": 63.12511000645502,
      "brightness": 254.40587918015103,
      "saturation": 4.91747572815534
    },
    "enhanced": {
      "contrast": 60.45481941496169,
      "brightness": 159.58225458468178,
      "saturation": 11.110302049622439
    },
    "improvements": {
      "contrast_gain": -2.670290591493327,
      "brightness_reduction": 94.82362459546925,
      "saturation_gain": 6.192826321467098,
      "glare_area_reduced": 1.0,
      "ssim": 0.9855497410323256,
      "psnr": 24.254539005331914
    }
  }
}