{
  "index": 74,
  "filename": "Copy of KIMG0134.JPG",
  "input_path": "tools\\Clean\\Copy of KIMG0134.JPG",
  "timestamp": "2025-10-27T14:27:05.452261",
  "detection": {
    "rain_score": 0.18,
    "glare_score": 0.008021077283372365,
    "needs_enhance": false,
    "glare_pixel_count": "3288",
    "glare_percentage": 0.8021077283372365,
    "contrast": 67.06176700290943,
    "brightness": 133.46848653395784,
    "sharpness": 157.66335136630087
  },
  "expected_mode": "DEGLARE",
  "processing_time": 1.6798737049102783,
  "processing_result": {
    "final_status": "success",
    "processing_mode": "DEGLARE",
    "quality_passed": false,
    "metrics": {
      "original": {
        "contrast": 67.06176700290943,
        "brightness": 254.2360097323601,
        "saturation": 3.721411192214112
      },
      "enhanced": {
        "contrast": 66.48006318365248,
        "brightness": 181.09063260340633,
        "saturation": 10.98418491484185
      },
      "improvements": {
        "contrast_gain": -0.5817038192569584,
        "brightness_reduction": 73.14537712895375,
        "saturation_gain": 7.262773722627737,
        "glare_area_reduced": 0.9996958637469586,
        "ssim": 0.9787878493244683,
        "psnr": 23.69120173864145
      }
    }
  },
  "status": "success",
  "actual_mode": "DEGLARE",
  "output_path": "clean_results\\enhanced_images\\enhanced_Copy of KIMG0134.JPG",
  "mode_correct": true,
  "metrics": {
    "original": {
      "contrast": 67.06176700290943,
      "brightness": 254.2360097323601,
      "saturation": 3.721411192214112
    },
    "enhanced": {
      "contrast": 66.48006318365248,
      "brightness": 181.09063260340633,
      "saturation": 10.98418491484185
    },
    "improvements": {
      "contrast_gain": -0.5817038192569584,
      "brightness_reduction": 73.14537712895375,
      "saturation_gain": 7.262773722627737,
      "glare_area_reduced": 0.9996958637469586,
      "ssim": 0.9787878493244683,
      "psnr": 23.69120173864145
    }
  }
}