{
  "index": 36,
  "filename": "789_rain.png",
  "input_path": "D:\\School UIC\\GAN\\attentive-gan-derainnet\\tools\\Deraining\\789_rain.png",
  "timestamp": "2025-10-27T11:49:51.496354",
  "detection": {
    "rain_score": 0.2773778843802042,
    "glare_score": 0.08944405227182728,
    "needs_enhance": false,
    "glare_pixel_count": "31170",
    "glare_percentage": 8.944405227182727
  },
  "expected_mode": "DERAIN",
  "processing_time": 10.009422063827515,
  "processing_result": {
    "final_status": "success",
    "processing_mode": "DERAIN",
    "quality_passed": true,
    "metrics": {
      "original": {
        "contrast": 48.2962392272798,
        "brightness": 211.12816811036254,
        "saturation": 20.42287455887071
      },
      "enhanced": {
        "contrast": 63.93237884588958,
        "brightness": 194.47552133461662,
        "saturation": 22.45980109079243
      },
      "improvements": {
        "contrast_gain": 15.636139618609782,
        "brightness_reduction": 16.65264677574592,
        "saturation_gain": 2.0369265319217185,
        "glare_area_reduced": 0.5628809752967596,
        "ssim": 0.5550275049402567,
        "psnr": 15.692023433909936
      }
    }
  },
  "status": "success",
  "actual_mode": "DERAIN",
  "output_path": "derain_results\\enhanced_images\\enhanced_789_rain.png",
  "mode_correct": true,
  "metrics": {
    "original": {
      "contrast": 48.2962392272798,
      "brightness": 211.12816811036254,
      "saturation": 20.42287455887071
    },
    "enhanced": {
      "contrast": 63.93237884588958,
      "brightness": 194.47552133461662,
      "saturation": 22.45980109079243
    },
    "improvements": {
      "contrast_gain": 15.636139618609782,
      "brightness_reduction": 16.65264677574592,
      "saturation_gain": 2.0369265319217185,
      "glare_area_reduced": 0.5628809752967596,
      "ssim": 0.5550275049402567,
      "psnr": 15.692023433909936
    }
  },
  "derain_outputs": [
    "derain_ret.png",
    "src_img.png",
    "comparison.png",
    "derain_results.txt"
  ]
}