{
  "index": 190,
  "filename": "877_rain.png",
  "input_path": "D:\\School UIC\\GAN\\attentive-gan-derainnet\\tools\\Deraining\\877_rain.png",
  "timestamp": "2025-10-27T11:55:27.286178",
  "detection": {
    "rain_score": 0.18,
    "glare_score": 0.21253903200624513,
    "needs_enhance": false,
    "glare_pixel_count": "87124",
    "glare_percentage": 21.253903200624514
  },
  "expected_mode": "DEGLARE",
  "processing_time": 0.8166012763977051,
  "processing_result": {
    "final_status": "success",
    "processing_mode": "DEGLARE",
    "quality_passed": false,
    "metrics": {
      "original": {
        "contrast": 70.26904879560395,
        "brightness": 244.03198888939903,
        "saturation": 11.279234194940544
      },
      "enhanced": {
        "contrast": 41.85885213049571,
        "brightness": 153.88004453422707,
        "saturation": 6.459678159864102
      },
      "improvements": {
        "contrast_gain": -28.410196665108238,
        "brightness_reduction": 90.15194435517196,
        "saturation_gain": -4.819556035076443,
        "glare_area_reduced": 1.0,
        "ssim": 0.9216589516862858,
        "psnr": 15.683292500175419
      }
    }
  },
  "status": "success",
  "actual_mode": "DEGLARE",
  "output_path": "derain_results\\enhanced_images\\enhanced_877_rain.png",
  "mode_correct": true,
  "metrics": {
    "original": {
      "contrast": 70.26904879560395,
      "brightness": 244.03198888939903,
      "saturation": 11.279234194940544
    },
    "enhanced": {
      "contrast": 41.85885213049571,
      "brightness": 153.88004453422707,
      "saturation": 6.459678159864102
    },
    "improvements": {
      "contrast_gain": -28.410196665108238,
      "brightness_reduction": 90.15194435517196,
      "saturation_gain": -4.819556035076443,
      "glare_area_reduced": 1.0,
      "ssim": 0.9216589516862858,
      "psnr": 15.683292500175419
    }
  },
  "derain_outputs": [
    "derain_ret.png",
    "src_img.png",
    "comparison.png",
    "derain_results.txt"
  ]
}